{"train_loss": [0.44390479906362557, 0.3748948692150836, 0.33537427734279035, 0.3045137636597801, 0.2833657662542361, 0.26888851153681864, 0.25745577606483827, 0.24773919334014258, 0.24009918531625526, 0.2337650492693643, 0.22845951381063312, 0.22382655988136926, 0.22007709668960962, 0.21649730139933293, 0.21339841053452133, 0.2106774886074306, 0.208056472359026, 0.2059490903274818, 0.20366157577285227, 0.20195699089540625], "val_loss": [0.3964745937249599, 0.3520402709643046, 0.31803175998039734, 0.2909341083887296, 0.27380213408898085, 0.2619019307387181, 0.2527748438028189, 0.24633812808837646, 0.23987963661933556, 0.23313846744788, 0.2293553025676654, 0.2260113001251832, 0.22512944348347494, 0.22160272223827165, 0.21937948140578392, 0.21741303629600084, 0.21842554975778627, 0.21870739796222785, 0.2151634769561963, 0.21711621777369425], "train_accuracy": [79.89690974995392, 83.4532008355348, 85.13313264115008, 86.61451741721447, 87.5770565829084, 88.2096209375192, 88.69989862996867, 89.1205381827118, 89.44080604534005, 89.71376789334644, 89.93751919886957, 90.1380321926645, 90.30262026171899, 90.4712938502181, 90.59739202555754, 90.72522577870615, 90.84167844197334, 90.93364870676415, 91.0306106776433, 91.12130613749463], "val_accuracy": [82.64005637489304, 84.46720692605828, 86.01499974832637, 87.27148034428953, 88.05745708964615, 88.61667589469975, 89.0099159410077, 89.24359490612574, 89.53478129561584, 89.82030502843912, 89.99572154829617, 90.11878995318871, 90.15427593496753, 90.317612120602, 90.42973272260532, 90.51857351386721, 90.45414506468012, 90.39059747319676, 90.5863995570544, 90.49718125534807]}